WeekStarting,Store,Brand,Quantity,Advert,Price,Revenue
1990-06-14,1000,dominicks,12003,1,2.59,31087.77
1990-06-21,1000,dominicks,10239,1,2.39,24471.210000000006
1990-06-28,1000,dominicks,17917,1,2.48,44434.16
1990-07-05,1000,dominicks,14218,1,2.33,33127.94
1990-07-12,1000,dominicks,15925,1,2.01,32009.25
1990-07-19,1000,dominicks,17850,1,2.17,38734.5
1990-07-26,1000,dominicks,10576,1,1.97,20834.72
1990-08-02,1000,dominicks,9912,1,2.26,22401.12
1990-08-09,1000,dominicks,9571,1,2.11,20194.81
1990-08-16,1000,dominicks,15748,1,2.42,38110.16
1990-08-23,1000,dominicks,11419,1,2.18,24893.42
1990-08-30,1000,dominicks,10617,1,2.35,24949.95
1990-09-06,1000,dominicks,16488,1,2.03,33470.64
1990-09-13,1000,dominicks,9014,1,2.08,18749.12
1990-09-20,1000,dominicks,9283,1,2.45,22743.35
1990-09-27,1000,dominicks,18631,1,2.04,38007.24
1990-10-04,1000,dominicks,13200,1,2.64,34848.0
1990-10-11,1000,dominicks,12650,1,2.45,30992.500000000004
1990-10-18,1000,dominicks,15649,1,2.01,31454.49
1990-10-25,1000,dominicks,10965,1,2.02,22149.3
1990-11-01,1000,dominicks,12527,1,2.65,33196.55
1990-11-08,1000,dominicks,14978,1,2.47,36995.66
1990-11-15,1000,dominicks,18231,1,1.95,35550.45
1990-11-22,1000,dominicks,11215,1,2.05,22990.75
1990-11-29,1000,dominicks,12217,1,2.42,29565.14
1990-12-06,1000,dominicks,17960,1,1.91,34303.6
1990-12-13,1000,dominicks,12054,1,2.47,29773.38
1990-12-20,1000,dominicks,17290,1,2.05,35444.5
1990-12-27,1000,dominicks,17638,1,2.28,40214.64
1991-01-03,1000,dominicks,17720,1,2.53,44831.6
1991-01-10,1000,dominicks,9695,1,2.16,20941.2
1991-01-17,1000,dominicks,10246,1,2.34,23975.64
1991-01-24,1000,dominicks,19155,1,2.32,44439.6
1991-01-31,1000,dominicks,12647,1,1.95,24661.65
1991-02-07,1000,dominicks,14728,1,2.32,34168.96
1991-02-14,1000,dominicks,11854,1,2.41,28568.140000000007
1991-02-21,1000,dominicks,19401,1,1.95,37831.95
1991-02-28,1000,dominicks,15920,1,2.41,38367.2
1991-03-07,1000,dominicks,9938,1,2.29,22758.02
1991-03-14,1000,dominicks,10784,1,2.36,25450.24
1991-03-21,1000,dominicks,15498,1,2.48,38435.04
1991-03-28,1000,dominicks,17407,1,2.64,45954.48
1991-04-04,1000,dominicks,9726,1,2.19,21299.94
1991-04-11,1000,dominicks,9776,1,2.0,19552.0
1991-04-18,1000,dominicks,10162,1,2.52,25608.24
1991-04-25,1000,dominicks,18672,1,2.17,40518.24
1991-05-02,1000,dominicks,16078,1,2.02,32477.56
1991-05-09,1000,dominicks,11379,1,2.27,25830.33
1991-05-16,1000,dominicks,18429,1,2.24,41280.960000000014
1991-05-23,1000,dominicks,12312,1,2.61,32134.32
1991-05-30,1000,dominicks,12626,1,2.32,29292.32
1991-06-06,1000,dominicks,18573,1,2.42,44946.66
1991-06-13,1000,dominicks,13242,1,2.12,28073.04
1991-06-20,1000,dominicks,11627,1,2.56,29765.12
1991-06-27,1000,dominicks,10969,1,2.14,23473.66
1991-07-04,1000,dominicks,17280,1,2.25,38880.0
1991-07-11,1000,dominicks,9679,1,1.9,18390.1
1991-07-18,1000,dominicks,10805,1,2.49,26904.45
1991-07-25,1000,dominicks,14601,1,2.15,31392.15
1991-08-01,1000,dominicks,18032,1,2.09,37686.88
1991-08-08,1000,dominicks,13433,1,2.47,33179.51
1991-08-15,1000,dominicks,18181,1,2.06,37452.86
1991-08-22,1000,dominicks,15197,1,2.07,31457.79
1991-08-29,1000,dominicks,19107,1,2.39,45665.73
1991-09-05,1000,dominicks,15199,1,2.43,36933.57
1991-09-12,1000,dominicks,15091,1,2.31,34860.21
1991-09-19,1000,dominicks,17187,1,2.5,42967.5
1991-09-26,1000,dominicks,13280,1,2.46,32668.8
1991-10-03,1000,dominicks,16936,1,1.95,33025.2
1991-10-10,1000,dominicks,19285,1,2.67,51490.95
1991-10-17,1000,dominicks,18797,1,2.11,39661.67
1991-10-24,1000,dominicks,10617,1,1.98,21021.66
1991-10-31,1000,dominicks,18327,1,2.61,47833.47
1991-11-07,1000,dominicks,14849,1,2.36,35043.64
1991-11-14,1000,dominicks,18326,1,2.56,46914.56
1991-11-21,1000,dominicks,19307,1,2.2,42475.4
1991-11-28,1000,dominicks,19544,1,2.55,49837.2
1991-12-05,1000,dominicks,13277,1,2.08,27616.16
1991-12-12,1000,dominicks,18329,1,2.57,47105.53
1991-12-19,1000,dominicks,10613,1,2.46,26107.98
1991-12-26,1000,dominicks,10700,1,2.1,22470.0
1992-01-02,1000,dominicks,18495,1,1.95,36065.25
1992-01-09,1000,dominicks,14136,1,2.48,35057.28
1992-01-16,1000,dominicks,16020,1,2.33,37326.6
1992-01-23,1000,dominicks,12429,1,2.63,32688.27
1992-01-30,1000,dominicks,15865,1,2.24,35537.60000000001
1992-02-06,1000,dominicks,14053,1,2.25,31619.25
1992-02-13,1000,dominicks,17590,1,2.23,39225.7
1992-02-20,1000,dominicks,13415,1,2.56,34342.4
1992-02-27,1000,dominicks,15725,1,2.45,38526.25
1992-03-05,1000,dominicks,18706,1,2.18,40779.08
1992-03-12,1000,dominicks,16991,1,2.16,36700.56000000001
1992-03-19,1000,dominicks,16432,1,2.49,40915.68
1992-03-26,1000,dominicks,12393,1,2.22,27512.460000000006
1992-04-02,1000,dominicks,12816,1,2.13,27298.08
1992-04-09,1000,dominicks,17969,1,2.66,47797.54
1992-04-16,1000,dominicks,14355,1,2.03,29140.65
1992-04-23,1000,dominicks,13731,1,2.39,32817.090000000004
1992-04-30,1000,dominicks,13437,1,2.27,30501.99
1992-05-07,1000,dominicks,9472,1,2.66,25195.52
1992-05-14,1000,dominicks,19571,1,2.28,44621.88
1992-05-21,1000,dominicks,19668,1,1.97,38745.96
1992-05-28,1000,dominicks,9130,1,2.4,21912.0
1992-06-04,1000,dominicks,11225,1,2.47,27725.750000000004
1992-06-11,1000,dominicks,14025,1,2.53,35483.25
1992-06-18,1000,dominicks,16433,1,2.44,40096.52
1992-06-25,1000,dominicks,16962,1,1.93,32736.66
1992-07-02,1000,dominicks,10222,1,2.64,26986.08
1992-07-09,1000,dominicks,18117,1,2.06,37321.02
1992-07-16,1000,dominicks,11754,1,2.53,29737.62
1992-07-23,1000,dominicks,13080,1,2.02,26421.6
1992-07-30,1000,dominicks,19628,1,2.17,42592.76
1992-08-06,1000,dominicks,9419,1,2.38,22417.22
1992-08-13,1000,dominicks,11694,1,2.11,24674.34
1992-08-20,1000,dominicks,14531,1,2.35,34147.85
1992-08-27,1000,dominicks,18439,1,2.6,47941.4
1992-09-03,1000,dominicks,11137,1,2.45,27285.65
1992-09-10,1000,dominicks,13129,1,2.29,30065.41
1992-09-17,1000,dominicks,11310,1,1.92,21715.2
1992-09-24,1000,dominicks,13235,1,2.45,32425.750000000004
1992-10-01,1000,dominicks,12244,1,1.93,23630.92
1990-06-14,1000,minute.maid,11381,1,2.55,29021.55
1990-06-21,1000,minute.maid,15100,1,2.39,36089.0
1990-06-28,1000,minute.maid,12101,1,2.01,24323.01
1990-07-05,1000,minute.maid,13007,1,2.6,33818.200000000004
1990-07-12,1000,minute.maid,17329,1,1.9,32925.1
1990-07-19,1000,minute.maid,15246,1,2.14,32626.44
1990-07-26,1000,minute.maid,19581,1,2.19,42882.39
1990-08-02,1000,minute.maid,10468,1,2.55,26693.4
1990-08-09,1000,minute.maid,9835,1,2.65,26062.75
1990-08-16,1000,minute.maid,18708,1,2.39,44712.12
1990-08-23,1000,minute.maid,12260,1,2.49,30527.4
1990-08-30,1000,minute.maid,19982,1,2.12,42361.84
1990-09-06,1000,minute.maid,14533,1,2.65,38512.45
1990-09-13,1000,minute.maid,19573,1,2.29,44822.17
1990-09-20,1000,minute.maid,10380,1,1.91,19825.8
1990-09-27,1000,minute.maid,16397,1,2.32,38041.04
1990-10-04,1000,minute.maid,17302,1,2.08,35988.16
1990-10-11,1000,minute.maid,11450,1,2.33,26678.5
1990-10-18,1000,minute.maid,15860,1,2.24,35526.4
1990-10-25,1000,minute.maid,19169,1,2.08,39871.52
1990-11-01,1000,minute.maid,16379,1,2.15,35214.85
1990-11-08,1000,minute.maid,16347,1,2.06,33674.82
1990-11-15,1000,minute.maid,14607,1,1.95,28483.65
1990-11-22,1000,minute.maid,10604,1,2.08,22056.32
1990-11-29,1000,minute.maid,9036,1,2.49,22499.640000000007
1990-12-06,1000,minute.maid,19073,1,2.5,47682.5
1990-12-13,1000,minute.maid,15642,1,2.51,39261.42
1990-12-20,1000,minute.maid,14185,1,2.11,29930.35
1990-12-27,1000,minute.maid,10569,1,2.05,21666.45
1991-01-03,1000,minute.maid,18276,1,2.12,38745.12
1991-01-10,1000,minute.maid,10338,1,2.6,26878.8
1991-01-17,1000,minute.maid,10237,1,2.16,22111.92
1991-01-24,1000,minute.maid,19608,1,2.24,43921.92000000001
1991-01-31,1000,minute.maid,11430,1,2.49,28460.7
1991-02-07,1000,minute.maid,17268,1,2.28,39371.039999999986
1991-02-14,1000,minute.maid,18046,1,1.93,34828.78
1991-02-21,1000,minute.maid,9796,1,1.97,19298.12
1991-02-28,1000,minute.maid,19855,1,2.62,52020.1
1991-03-07,1000,minute.maid,13771,1,2.24,30847.040000000005
1991-03-14,1000,minute.maid,17922,1,2.09,37456.98
1991-03-21,1000,minute.maid,19994,1,1.93,38588.42
1991-03-28,1000,minute.maid,14621,1,2.54,37137.34
1991-04-04,1000,minute.maid,14454,1,2.24,32376.960000000006
1991-04-11,1000,minute.maid,16663,1,2.14,35658.82
1991-04-18,1000,minute.maid,13071,1,2.37,30978.27
1991-04-25,1000,minute.maid,18609,1,2.64,49127.76
1991-05-02,1000,minute.maid,13364,1,2.15,28732.6
1991-05-09,1000,minute.maid,14235,1,2.25,32028.75
1991-05-16,1000,minute.maid,12130,1,2.27,27535.1
1991-05-23,1000,minute.maid,16136,1,1.9,30658.4
1991-05-30,1000,minute.maid,15361,1,1.91,29339.51
1991-06-06,1000,minute.maid,12645,1,2.53,31991.85
1991-06-13,1000,minute.maid,14666,1,2.42,35491.72
1991-06-20,1000,minute.maid,15401,1,2.52,38810.52
1991-06-27,1000,minute.maid,11594,1,2.63,30492.22
1991-07-04,1000,minute.maid,18763,1,2.46,46156.98
1991-07-11,1000,minute.maid,15097,1,1.93,29137.21
1991-07-18,1000,minute.maid,18410,1,2.04,37556.4
1991-07-25,1000,minute.maid,12874,1,2.64,33987.36
1991-08-01,1000,minute.maid,15820,1,2.46,38917.2
1991-08-08,1000,minute.maid,14727,1,2.32,34166.64
1991-08-15,1000,minute.maid,10325,1,2.3,23747.5
1991-08-22,1000,minute.maid,19097,1,2.6,49652.2
1991-08-29,1000,minute.maid,15550,1,2.34,36387.0
1991-09-05,1000,minute.maid,12023,1,2.02,24286.46
1991-09-12,1000,minute.maid,16138,1,2.63,42442.94
1991-09-19,1000,minute.maid,19728,1,2.12,41823.36
1991-09-26,1000,minute.maid,18329,1,2.28,41790.12
1991-10-03,1000,minute.maid,18779,1,2.56,48074.24
1991-10-10,1000,minute.maid,9382,1,2.12,19889.84
1991-10-17,1000,minute.maid,10810,1,2.43,26268.300000000007
1991-10-24,1000,minute.maid,11273,1,2.09,23560.57
1991-10-31,1000,minute.maid,12189,1,2.33,28400.370000000006
1991-11-07,1000,minute.maid,17287,1,2.0,34574.0
1991-11-14,1000,minute.maid,12431,1,2.03,25234.93
1991-11-21,1000,minute.maid,14236,1,2.63,37440.68
1991-11-28,1000,minute.maid,16056,1,2.58,41424.48
1991-12-05,1000,minute.maid,19121,1,2.69,51435.49
1991-12-12,1000,minute.maid,9442,1,2.46,23227.32
1991-12-19,1000,minute.maid,11547,1,2.62,30253.14
1991-12-26,1000,minute.maid,11841,1,2.14,25339.74
1992-01-02,1000,minute.maid,16620,1,1.99,33073.8
1992-01-09,1000,minute.maid,14436,1,1.99,28727.64
1992-01-16,1000,minute.maid,10530,1,2.65,27904.5
1992-01-23,1000,minute.maid,9293,1,2.35,21838.55
1992-01-30,1000,minute.maid,15662,1,2.57,40251.34
1992-02-06,1000,minute.maid,11769,1,2.54,29893.26
1992-02-13,1000,minute.maid,15365,1,1.97,30269.05
1992-02-20,1000,minute.maid,15916,1,2.36,37561.76
1992-02-27,1000,minute.maid,11578,1,2.63,30450.14
1992-03-05,1000,minute.maid,17523,1,2.26,39601.98
1992-03-12,1000,minute.maid,14892,1,2.12,31571.04
1992-03-19,1000,minute.maid,14885,1,2.52,37510.2
1992-03-26,1000,minute.maid,10894,1,2.6,28324.4
1992-04-02,1000,minute.maid,17223,1,2.27,39096.21
1992-04-09,1000,minute.maid,11282,1,2.42,27302.44
1992-04-16,1000,minute.maid,16399,1,2.17,35585.83
1992-04-23,1000,minute.maid,11730,1,2.61,30615.3
1992-04-30,1000,minute.maid,15995,1,2.54,40627.3
1992-05-07,1000,minute.maid,10928,1,2.01,21965.28
1992-05-14,1000,minute.maid,9958,1,2.29,22803.82
1992-05-21,1000,minute.maid,16343,1,2.38,38896.34
1992-05-28,1000,minute.maid,19965,1,2.49,49712.85000000001
1992-06-04,1000,minute.maid,17064,1,2.67,45560.88
1992-06-11,1000,minute.maid,11574,1,2.5,28935.0
1992-06-18,1000,minute.maid,17394,1,2.24,38962.56000000001
1992-06-25,1000,minute.maid,14556,1,2.13,31004.28
1992-07-02,1000,minute.maid,15994,1,2.64,42224.16
1992-07-09,1000,minute.maid,19403,1,2.64,51223.92000000001
1992-07-16,1000,minute.maid,19533,1,2.42,47269.86
1992-07-23,1000,minute.maid,17871,1,2.57,45928.47
1992-07-30,1000,minute.maid,10996,1,2.34,25730.64
1992-08-06,1000,minute.maid,11751,1,1.95,22914.45
1992-08-13,1000,minute.maid,12345,1,2.04,25183.8
1992-08-20,1000,minute.maid,16705,1,2.3,38421.5
1992-08-27,1000,minute.maid,13365,1,2.56,34214.4
1992-09-03,1000,minute.maid,14933,1,2.25,33599.25
1992-09-10,1000,minute.maid,14361,1,2.33,33461.130000000005
1992-09-17,1000,minute.maid,9207,1,2.36,21728.52
1992-09-24,1000,minute.maid,16742,1,1.99,33316.58
1992-10-01,1000,minute.maid,16103,1,2.03,32689.09
1990-06-14,1000,tropicana,17193,1,2.56,44014.08
1990-06-21,1000,tropicana,11852,1,2.3,27259.6
1990-06-28,1000,tropicana,16254,1,2.47,40147.38000000001
1990-07-05,1000,tropicana,15895,1,1.92,30518.4
1990-07-12,1000,tropicana,17699,1,2.64,46725.36
1990-07-19,1000,tropicana,17837,1,2.26,40311.62
1990-07-26,1000,tropicana,13193,1,1.97,25990.21
1990-08-02,1000,tropicana,19628,1,2.02,39648.56
1990-08-09,1000,tropicana,17984,1,2.2,39564.8
1990-08-16,1000,tropicana,11700,1,2.03,23751.0
1990-08-23,1000,tropicana,9329,1,2.01,18751.29
1990-08-30,1000,tropicana,14646,1,2.1,30756.6
1990-09-06,1000,tropicana,15849,1,2.29,36294.21
1990-09-13,1000,tropicana,16894,1,1.9,32098.6
1990-09-20,1000,tropicana,9921,1,2.53,25100.13
1990-09-27,1000,tropicana,14009,1,2.28,31940.52
1990-10-04,1000,tropicana,15834,1,2.07,32776.38
1990-10-11,1000,tropicana,12060,1,2.18,26290.800000000007
1990-10-18,1000,tropicana,19003,1,2.62,49787.86
1990-10-25,1000,tropicana,15860,1,2.02,32037.2
1990-11-01,1000,tropicana,16150,1,2.29,36983.5
1990-11-08,1000,tropicana,14904,1,2.44,36365.76
1990-11-15,1000,tropicana,9296,1,2.62,24355.52
1990-11-22,1000,tropicana,10031,1,2.24,22469.44
1990-11-29,1000,tropicana,19733,1,2.12,41833.96
1990-12-06,1000,tropicana,17865,1,2.52,45019.8
1990-12-13,1000,tropicana,13373,1,2.25,30089.25
1990-12-20,1000,tropicana,10173,1,2.64,26856.72
1990-12-27,1000,tropicana,17338,1,2.35,40744.3
1991-01-03,1000,tropicana,11850,1,2.3,27255.0
1991-01-10,1000,tropicana,15063,1,2.18,32837.340000000004
1991-01-17,1000,tropicana,17768,1,2.37,42110.16
1991-01-24,1000,tropicana,12282,1,2.33,28617.06
1991-01-31,1000,tropicana,17930,1,2.28,40880.4
1991-02-07,1000,tropicana,16658,1,2.22,36980.76
1991-02-14,1000,tropicana,10837,1,2.08,22540.96
1991-02-21,1000,tropicana,13444,1,2.4,32265.6
1991-02-28,1000,tropicana,12734,1,1.9,24194.6
1991-03-07,1000,tropicana,14482,1,2.29,33163.78
1991-03-14,1000,tropicana,13461,1,2.01,27056.61
1991-03-21,1000,tropicana,14388,1,2.49,35826.12
1991-03-28,1000,tropicana,18043,1,2.1,37890.3
1991-04-04,1000,tropicana,10258,1,2.34,24003.72
1991-04-11,1000,tropicana,17977,1,2.33,41886.41
1991-04-18,1000,tropicana,16051,1,2.26,36275.26
1991-04-25,1000,tropicana,17338,1,1.96,33982.48
1991-05-02,1000,tropicana,18109,1,2.22,40201.98
1991-05-09,1000,tropicana,10744,1,2.69,28901.36
1991-05-16,1000,tropicana,15563,1,2.55,39685.65
1991-05-23,1000,tropicana,14399,1,2.18,31389.820000000003
1991-05-30,1000,tropicana,12226,1,2.13,26041.38
1991-06-06,1000,tropicana,10667,1,2.03,21654.01
1991-06-13,1000,tropicana,19744,1,2.43,47977.92000000001
1991-06-20,1000,tropicana,13638,1,2.18,29730.840000000004
1991-06-27,1000,tropicana,10967,1,2.45,26869.15
1991-07-04,1000,tropicana,10675,1,2.19,23378.25
1991-07-11,1000,tropicana,15977,1,2.01,32113.77
1991-07-18,1000,tropicana,16356,1,1.98,32384.88
1991-07-25,1000,tropicana,9803,1,2.69,26370.07
1991-08-01,1000,tropicana,19774,1,2.26,44689.24
1991-08-08,1000,tropicana,13424,1,1.93,25908.32
1991-08-15,1000,tropicana,18663,1,2.12,39565.56000000001
1991-08-22,1000,tropicana,16223,1,2.38,38610.74
1991-08-29,1000,tropicana,18163,1,2.4,43591.2
1991-09-05,1000,tropicana,19312,1,2.21,42679.52
1991-09-12,1000,tropicana,17805,1,2.51,44690.55
1991-09-19,1000,tropicana,19395,1,1.94,37626.3
1991-09-26,1000,tropicana,10372,1,2.62,27174.64
1991-10-03,1000,tropicana,15732,1,2.02,31778.64
1991-10-10,1000,tropicana,12273,1,1.96,24055.08
1991-10-17,1000,tropicana,14366,1,2.5,35915.0
1991-10-24,1000,tropicana,14247,1,2.15,30631.05
1991-10-31,1000,tropicana,16150,1,2.0,32300.0
1991-11-07,1000,tropicana,17476,1,2.57,44913.32
1991-11-14,1000,tropicana,19573,1,2.24,43843.52
1991-11-21,1000,tropicana,11135,1,2.61,29062.35
1991-11-28,1000,tropicana,15515,1,2.52,39097.8
1991-12-05,1000,tropicana,10983,1,2.17,23833.11
1991-12-12,1000,tropicana,13600,1,1.97,26792.0
1991-12-19,1000,tropicana,12472,1,2.06,25692.32
1991-12-26,1000,tropicana,14014,1,2.38,33353.32
1992-01-02,1000,tropicana,9107,1,2.62,23860.34
1992-01-09,1000,tropicana,10150,1,1.91,19386.5
1992-01-16,1000,tropicana,11628,1,2.26,26279.28
1992-01-23,1000,tropicana,15203,1,2.18,33142.54
1992-01-30,1000,tropicana,13677,1,2.36,32277.72
1992-02-06,1000,tropicana,12722,1,2.46,31296.12
1992-02-13,1000,tropicana,9565,1,2.61,24964.65
1992-02-20,1000,tropicana,13901,1,2.66,36976.66
1992-02-27,1000,tropicana,9002,1,2.36,21244.72
1992-03-05,1000,tropicana,14219,1,2.23,31708.37
1992-03-12,1000,tropicana,17207,1,2.54,43705.78
1992-03-19,1000,tropicana,13232,1,2.33,30830.56
1992-03-26,1000,tropicana,18056,1,2.26,40806.56
1992-04-02,1000,tropicana,18761,1,2.25,42212.25
1992-04-09,1000,tropicana,18951,1,1.99,37712.49
1992-04-16,1000,tropicana,16290,1,2.08,33883.200000000004
1992-04-23,1000,tropicana,19048,1,2.37,45143.76
1992-04-30,1000,tropicana,10188,1,2.39,24349.32
1992-05-07,1000,tropicana,12202,1,2.24,27332.480000000003
1992-05-14,1000,tropicana,17609,1,1.95,34337.55
1992-05-21,1000,tropicana,12503,1,2.16,27006.480000000003
1992-05-28,1000,tropicana,14023,1,2.53,35478.189999999995
1992-06-04,1000,tropicana,10589,1,2.14,22660.460000000006
1992-06-11,1000,tropicana,9633,1,2.5,24082.5
1992-06-18,1000,tropicana,15789,1,2.27,35841.03
1992-06-25,1000,tropicana,19008,1,2.42,45999.36
1992-07-02,1000,tropicana,18524,1,2.21,40938.04
1992-07-09,1000,tropicana,17536,1,2.65,46470.4
1992-07-16,1000,tropicana,11434,1,2.08,23782.72
1992-07-23,1000,tropicana,14728,1,2.06,30339.68
1992-07-30,1000,tropicana,17457,1,2.27,39627.39
1992-08-06,1000,tropicana,16377,1,2.48,40614.96
1992-08-13,1000,tropicana,19660,1,2.22,43645.2
1992-08-20,1000,tropicana,10846,1,2.24,24295.04
1992-08-27,1000,tropicana,11198,1,2.19,24523.62
1992-09-03,1000,tropicana,15013,1,2.62,39334.06000000001
1992-09-10,1000,tropicana,16557,1,1.91,31623.87
1992-09-17,1000,tropicana,18281,1,2.33,42594.73
1992-09-24,1000,tropicana,15442,1,2.65,40921.3
1992-10-01,1000,tropicana,12893,1,2.18,28106.74
1990-06-14,1001,dominicks,12383,1,2.3,28480.9
1990-06-21,1001,dominicks,19572,1,2.25,44037.0
1990-06-28,1001,dominicks,13737,1,2.18,29946.660000000003
1990-07-05,1001,dominicks,11989,1,2.08,24937.120000000006
1990-07-12,1001,dominicks,17410,1,2.59,45091.9
1990-07-19,1001,dominicks,16838,1,2.19,36875.22
1990-07-26,1001,dominicks,10877,1,2.42,26322.34
1990-08-02,1001,dominicks,10825,1,2.65,28686.25
1990-08-09,1001,dominicks,15426,1,2.67,41187.42
1990-08-16,1001,dominicks,11622,1,2.24,26033.28
1990-08-23,1001,dominicks,18309,1,2.07,37899.63
1990-08-30,1001,dominicks,13555,1,2.33,31583.15
1990-09-06,1001,dominicks,18740,1,2.49,46662.60000000001
1990-09-13,1001,dominicks,14647,1,2.45,35885.15
1990-09-20,1001,dominicks,11637,1,2.36,27463.32
1990-09-27,1001,dominicks,13231,1,2.37,31357.47
1990-10-04,1001,dominicks,9831,1,2.3,22611.3
1990-10-11,1001,dominicks,15151,1,2.1,31817.1
1990-10-18,1001,dominicks,13215,1,2.53,33433.95
1990-10-25,1001,dominicks,17391,1,2.38,41390.58
1990-11-01,1001,dominicks,14562,1,2.57,37424.34
1990-11-08,1001,dominicks,19233,1,2.03,39042.99
1990-11-15,1001,dominicks,15531,1,2.66,41312.46
1990-11-22,1001,dominicks,13650,1,2.25,30712.5
1990-11-29,1001,dominicks,17185,1,2.03,34885.55
1990-12-06,1001,dominicks,17472,1,2.16,37739.52
1990-12-13,1001,dominicks,17450,1,2.31,40309.5
1990-12-20,1001,dominicks,19977,1,2.08,41552.16
1990-12-27,1001,dominicks,13402,1,2.02,27072.04
1991-01-03,1001,dominicks,14750,1,2.18,32155.000000000004
1991-01-10,1001,dominicks,9314,1,1.93,17976.02
1991-01-17,1001,dominicks,17021,1,2.66,45275.86
1991-01-24,1001,dominicks,13840,1,2.03,28095.2
1991-01-31,1001,dominicks,18198,1,2.12,38579.76
1991-02-07,1001,dominicks,11082,1,2.31,25599.42
1991-02-14,1001,dominicks,14652,1,2.04,29890.08
1991-02-21,1001,dominicks,18619,1,2.16,40217.04
1991-02-28,1001,dominicks,19532,1,2.49,48634.68000000001
1991-03-07,1001,dominicks,17263,1,2.11,36424.93
1991-03-14,1001,dominicks,13647,1,2.45,33435.15
1991-03-21,1001,dominicks,16866,1,2.24,37779.84
1991-03-28,1001,dominicks,11460,1,2.68,30712.800000000007
1991-04-04,1001,dominicks,17433,1,2.13,37132.29
1991-04-11,1001,dominicks,10694,1,2.21,23633.74
1991-04-18,1001,dominicks,14519,1,2.59,37604.21
1991-04-25,1001,dominicks,16521,1,2.61,43119.81
1991-05-02,1001,dominicks,11133,1,2.2,24492.6
1991-05-09,1001,dominicks,16756,1,2.07,34684.92
1991-05-16,1001,dominicks,15482,1,1.9,29415.8
1991-05-23,1001,dominicks,19279,1,2.26,43570.539999999986
1991-05-30,1001,dominicks,19930,1,2.08,41454.4
1991-06-06,1001,dominicks,17449,1,2.51,43796.99
1991-06-13,1001,dominicks,17928,1,2.36,42310.08
1991-06-20,1001,dominicks,12659,1,2.48,31394.32
1991-06-27,1001,dominicks,12569,1,2.29,28783.01
1991-07-04,1001,dominicks,15172,1,2.68,40660.96
1991-07-11,1001,dominicks,18706,1,2.58,48261.48
1991-07-18,1001,dominicks,18535,1,2.48,45966.8
1991-07-25,1001,dominicks,14743,1,2.21,32582.03
1991-08-01,1001,dominicks,16638,1,2.21,36769.98
1991-08-08,1001,dominicks,11671,1,2.3,26843.3
1991-08-15,1001,dominicks,12268,1,2.54,31160.72
1991-08-22,1001,dominicks,11761,1,2.45,28814.45
1991-08-29,1001,dominicks,13354,1,2.56,34186.24
1991-09-05,1001,dominicks,17958,1,2.27,40764.66
1991-09-12,1001,dominicks,13638,1,2.46,33549.48
1991-09-19,1001,dominicks,15531,1,2.24,34789.44
1991-09-26,1001,dominicks,10800,1,1.9,20520.0
1991-10-03,1001,dominicks,17026,1,2.23,37967.98
1991-10-10,1001,dominicks,18053,1,2.61,47118.33
1991-10-17,1001,dominicks,15127,1,2.51,37968.77
1991-10-24,1001,dominicks,13658,1,2.63,35920.54
1991-10-31,1001,dominicks,11724,1,2.24,26261.76
1991-11-07,1001,dominicks,11706,1,2.4,28094.4
1991-11-14,1001,dominicks,17398,1,1.9,33056.2
1991-11-21,1001,dominicks,17158,1,1.95,33458.1
1991-11-28,1001,dominicks,15804,1,2.19,34610.76
1991-12-05,1001,dominicks,13677,1,2.58,35286.66
1991-12-12,1001,dominicks,14143,1,2.26,31963.18
1991-12-19,1001,dominicks,13166,1,2.4,31598.4
1991-12-26,1001,dominicks,10856,1,2.15,23340.4
1992-01-02,1001,dominicks,18994,1,2.55,48434.7
1992-01-09,1001,dominicks,19054,1,2.64,50302.56000000001
1992-01-16,1001,dominicks,10055,1,2.48,24936.4
1992-01-23,1001,dominicks,18726,1,2.03,38013.78
1992-01-30,1001,dominicks,16308,1,2.41,39302.28
1992-02-06,1001,dominicks,11254,1,2.0,22508.0
1992-02-13,1001,dominicks,14132,1,1.98,27981.36
1992-02-20,1001,dominicks,19339,1,2.05,39644.95
1992-02-27,1001,dominicks,18115,1,2.56,46374.4
1992-03-05,1001,dominicks,10333,1,2.18,22525.94
1992-03-12,1001,dominicks,11762,1,2.68,31522.160000000003
1992-03-19,1001,dominicks,9732,1,1.93,18782.76
1992-03-26,1001,dominicks,18431,1,2.21,40732.51
1992-04-02,1001,dominicks,16536,1,2.39,39521.04
1992-04-09,1001,dominicks,10794,1,2.23,24070.62
1992-04-16,1001,dominicks,12881,1,2.58,33232.98
1992-04-23,1001,dominicks,15182,1,2.15,32641.3
1992-04-30,1001,dominicks,18219,1,2.17,39535.23
1992-05-07,1001,dominicks,19167,1,2.07,39675.69
1992-05-14,1001,dominicks,12952,1,2.6,33675.200000000004
1992-05-21,1001,dominicks,9256,1,2.1,19437.6
1992-05-28,1001,dominicks,12736,1,2.37,30184.32
1992-06-04,1001,dominicks,17512,1,2.28,39927.359999999986
1992-06-11,1001,dominicks,17769,1,2.18,38736.42000000001
1992-06-18,1001,dominicks,17825,1,2.64,47058.0
1992-06-25,1001,dominicks,11105,1,2.02,22432.1
1992-07-02,1001,dominicks,15763,1,1.97,31053.11
1992-07-09,1001,dominicks,10904,1,2.33,25406.32
1992-07-16,1001,dominicks,16153,1,2.27,36667.31
1992-07-23,1001,dominicks,14260,1,2.03,28947.8
1992-07-30,1001,dominicks,9284,1,2.67,24788.28
1992-08-06,1001,dominicks,9196,1,2.67,24553.32
1992-08-13,1001,dominicks,15150,1,2.18,33027.0
1992-08-20,1001,dominicks,15559,1,1.93,30028.87
1992-08-27,1001,dominicks,14271,1,2.11,30111.81
1992-09-03,1001,dominicks,12303,1,2.61,32110.83
1992-09-10,1001,dominicks,15320,1,1.92,29414.4
1992-09-17,1001,dominicks,16191,1,2.01,32543.91
1992-09-24,1001,dominicks,18776,1,2.26,42433.76
1992-10-01,1001,dominicks,11265,1,2.25,25346.25
1990-06-14,1001,minute.maid,15718,1,2.3,36151.4
1990-06-21,1001,minute.maid,13738,1,2.68,36817.84
1990-06-28,1001,minute.maid,16362,1,2.11,34523.82
1990-07-05,1001,minute.maid,19978,1,2.23,44550.94
1990-07-12,1001,minute.maid,9369,1,2.25,21080.25
1990-07-19,1001,minute.maid,17635,1,2.17,38267.95
1990-07-26,1001,minute.maid,10865,1,2.05,22273.25
1990-08-02,1001,minute.maid,16234,1,2.25,36526.5
1990-08-09,1001,minute.maid,9661,1,2.25,21737.25
1990-08-16,1001,minute.maid,18885,1,2.64,49856.4
1990-08-23,1001,minute.maid,13445,1,2.59,34822.55
1990-08-30,1001,minute.maid,18730,1,2.1,39333.0
1990-09-06,1001,minute.maid,18488,1,1.9,35127.2
1990-09-13,1001,minute.maid,12771,1,2.49,31799.790000000005
1990-09-20,1001,minute.maid,18887,1,2.43,45895.41
1990-09-27,1001,minute.maid,11166,1,2.49,27803.340000000004
1990-10-04,1001,minute.maid,12193,1,2.62,31945.66
1990-10-11,1001,minute.maid,9394,1,2.46,23109.24
1990-10-18,1001,minute.maid,17374,1,2.33,40481.42
1990-10-25,1001,minute.maid,9524,1,2.56,24381.44
1990-11-01,1001,minute.maid,17946,1,2.64,47377.44
1990-11-08,1001,minute.maid,9206,1,2.26,20805.56
1990-11-15,1001,minute.maid,13018,1,2.39,31113.02
1990-11-22,1001,minute.maid,11049,1,2.23,24639.27
1990-11-29,1001,minute.maid,19814,1,2.32,45968.48
1990-12-06,1001,minute.maid,18318,1,2.45,44879.10000000001
1990-12-13,1001,minute.maid,16878,1,2.62,44220.36
1990-12-20,1001,minute.maid,17531,1,1.91,33484.21
1990-12-27,1001,minute.maid,12096,1,2.4,29030.4
1991-01-03,1001,minute.maid,18097,1,2.16,39089.52
1991-01-10,1001,minute.maid,15325,1,2.3,35247.5
1991-01-17,1001,minute.maid,9323,1,2.11,19671.53
1991-01-24,1001,minute.maid,18183,1,1.94,35275.02
1991-01-31,1001,minute.maid,19890,1,2.6,51714.0
1991-02-07,1001,minute.maid,10303,1,2.36,24315.08
1991-02-14,1001,minute.maid,9582,1,2.05,19643.1
1991-02-21,1001,minute.maid,15284,1,2.06,31485.04
1991-02-28,1001,minute.maid,14761,1,2.23,32917.03
1991-03-07,1001,minute.maid,19062,1,1.92,36599.04
1991-03-14,1001,minute.maid,19510,1,2.41,47019.10000000001
1991-03-21,1001,minute.maid,13955,1,2.61,36422.55
1991-03-28,1001,minute.maid,12690,1,2.22,28171.800000000007
1991-04-04,1001,minute.maid,11588,1,2.47,28622.36
1991-04-11,1001,minute.maid,13503,1,2.64,35647.92
1991-04-18,1001,minute.maid,16489,1,2.15,35451.35
1991-04-25,1001,minute.maid,14054,1,2.08,29232.32
1991-05-02,1001,minute.maid,16215,1,2.6,42159.0
1991-05-09,1001,minute.maid,9139,1,2.66,24309.74
1991-05-16,1001,minute.maid,16225,1,2.03,32936.75
1991-05-23,1001,minute.maid,14403,1,2.08,29958.24
1991-05-30,1001,minute.maid,18370,1,2.01,36923.7
1991-06-06,1001,minute.maid,14241,1,2.22,31615.020000000004
1991-06-13,1001,minute.maid,11447,1,2.23,25526.81
1991-06-20,1001,minute.maid,16530,1,2.21,36531.3
1991-06-27,1001,minute.maid,9525,1,2.29,21812.25
1991-07-04,1001,minute.maid,16427,1,2.12,34825.240000000005
1991-07-11,1001,minute.maid,9654,1,2.16,20852.640000000007
1991-07-18,1001,minute.maid,9007,1,2.23,20085.61
1991-07-25,1001,minute.maid,19651,1,2.27,44607.77
1991-08-01,1001,minute.maid,15992,1,1.97,31504.24
1991-08-08,1001,minute.maid,18183,1,2.16,39275.28000000001
1991-08-15,1001,minute.maid,11646,1,2.48,28882.08
1991-08-22,1001,minute.maid,17483,1,2.14,37413.62
1991-08-29,1001,minute.maid,12502,1,2.17,27129.34
1991-09-05,1001,minute.maid,19478,1,2.06,40124.68
1991-09-12,1001,minute.maid,10823,1,2.52,27273.96
1991-09-19,1001,minute.maid,14872,1,2.05,30487.6
1991-09-26,1001,minute.maid,14370,1,2.45,35206.5
1991-10-03,1001,minute.maid,11655,1,2.69,31351.95
1991-10-10,1001,minute.maid,12494,1,2.26,28236.44
1991-10-17,1001,minute.maid,9869,1,2.61,25758.09
1991-10-24,1001,minute.maid,18584,1,2.63,48875.92
1991-10-31,1001,minute.maid,9403,1,2.29,21532.87
1991-11-07,1001,minute.maid,9714,1,2.48,24090.72
1991-11-14,1001,minute.maid,13415,1,2.64,35415.6
1991-11-21,1001,minute.maid,9890,1,2.19,21659.1
1991-11-28,1001,minute.maid,15669,1,2.16,33845.04
1991-12-05,1001,minute.maid,12860,1,2.51,32278.6
1991-12-12,1001,minute.maid,9101,1,2.65,24117.65
1991-12-19,1001,minute.maid,11352,1,2.26,25655.52
1991-12-26,1001,minute.maid,14090,1,2.63,37056.7
1992-01-02,1001,minute.maid,10558,1,2.44,25761.52
1992-01-09,1001,minute.maid,17965,1,2.57,46170.05
1992-01-16,1001,minute.maid,16544,1,2.56,42352.64
1992-01-23,1001,minute.maid,15328,1,2.38,36480.64
1992-01-30,1001,minute.maid,17786,1,2.67,47488.62
1992-02-06,1001,minute.maid,19089,1,2.54,48486.06
1992-02-13,1001,minute.maid,16603,1,2.0,33206.0
1992-02-20,1001,minute.maid,10048,1,1.97,19794.56
1992-02-27,1001,minute.maid,10941,1,2.57,28118.37
1992-03-05,1001,minute.maid,9408,1,2.02,19004.16
1992-03-12,1001,minute.maid,14062,1,2.64,37123.68
1992-03-19,1001,minute.maid,13415,1,2.05,27500.75
1992-03-26,1001,minute.maid,15855,1,2.31,36625.05
1992-04-02,1001,minute.maid,11962,1,2.66,31818.92
1992-04-09,1001,minute.maid,12621,1,1.91,24106.11
1992-04-16,1001,minute.maid,16956,1,2.07,35098.92
1992-04-23,1001,minute.maid,11274,1,2.1,23675.4
1992-04-30,1001,minute.maid,15867,1,2.56,40619.52
1992-05-07,1001,minute.maid,15354,1,2.3,35314.2
1992-05-14,1001,minute.maid,14748,1,2.02,29790.96
1992-05-21,1001,minute.maid,18293,1,2.35,42988.55
1992-05-28,1001,minute.maid,16637,1,2.36,39263.32
1992-06-04,1001,minute.maid,18508,1,2.32,42938.56
1992-06-11,1001,minute.maid,9298,1,2.07,19246.86
1992-06-18,1001,minute.maid,10669,1,2.3,24538.7
1992-06-25,1001,minute.maid,17000,1,2.38,40460.0
1992-07-02,1001,minute.maid,11061,1,2.2,24334.2
1992-07-09,1001,minute.maid,19103,1,2.52,48139.56
1992-07-16,1001,minute.maid,19631,1,2.52,49470.12
1992-07-23,1001,minute.maid,11713,1,2.06,24128.78
1992-07-30,1001,minute.maid,16537,1,2.69,44484.53
1992-08-06,1001,minute.maid,18164,1,2.39,43411.96
1992-08-13,1001,minute.maid,9132,1,1.92,17533.44
1992-08-20,1001,minute.maid,13712,1,2.52,34554.24
1992-08-27,1001,minute.maid,18796,1,2.06,38719.76
1992-09-03,1001,minute.maid,18513,1,2.62,48504.06000000001
1992-09-10,1001,minute.maid,18763,1,2.36,44280.68
1992-09-17,1001,minute.maid,14568,1,2.19,31903.92
1992-09-24,1001,minute.maid,9225,1,2.68,24723.0
1992-10-01,1001,minute.maid,11069,1,2.56,28336.64
1990-06-14,1001,tropicana,9965,1,2.1,20926.5
1990-06-21,1001,tropicana,10483,1,2.46,25788.18
1990-06-28,1001,tropicana,13436,1,2.51,33724.36
1990-07-05,1001,tropicana,15097,1,2.37,35779.89
1990-07-12,1001,tropicana,13383,1,2.44,32654.52
1990-07-19,1001,tropicana,11379,1,2.14,24351.06
1990-07-26,1001,tropicana,13470,1,2.03,27344.1
1990-08-02,1001,tropicana,14911,1,2.02,30120.22
1990-08-09,1001,tropicana,13403,1,2.35,31497.050000000007
1990-08-16,1001,tropicana,17198,1,2.05,35255.899999999994
1990-08-23,1001,tropicana,12001,1,2.61,31322.61
1990-08-30,1001,tropicana,17995,1,2.4,43188.0
1990-09-06,1001,tropicana,9574,1,2.43,23264.820000000003
1990-09-13,1001,tropicana,16400,1,2.18,35752.0
1990-09-20,1001,tropicana,13623,1,2.41,32831.43
1990-09-27,1001,tropicana,18161,1,1.93,35050.73
1990-10-04,1001,tropicana,12004,1,2.03,24368.12
1990-10-11,1001,tropicana,14116,1,2.62,36983.92
1990-10-18,1001,tropicana,17299,1,2.45,42382.55
1990-10-25,1001,tropicana,16466,1,2.63,43305.58
1990-11-01,1001,tropicana,15893,1,2.21,35123.53
1990-11-08,1001,tropicana,12101,1,2.55,30857.55
1990-11-15,1001,tropicana,12947,1,2.0,25894.0
1990-11-22,1001,tropicana,15558,1,1.94,30182.52
1990-11-29,1001,tropicana,9938,1,2.45,24348.1
1990-12-06,1001,tropicana,18735,1,2.03,38032.05
1990-12-13,1001,tropicana,13319,1,2.11,28103.09
1990-12-20,1001,tropicana,13293,1,2.23,29643.39
1990-12-27,1001,tropicana,19191,1,2.28,43755.48
1991-01-03,1001,tropicana,18159,1,2.31,41947.29
1991-01-10,1001,tropicana,11302,1,2.38,26898.76
1991-01-17,1001,tropicana,19205,1,2.44,46860.2
1991-01-24,1001,tropicana,10121,1,2.28,23075.88
1991-01-31,1001,tropicana,16616,1,2.32,38549.12
1991-02-07,1001,tropicana,18116,1,2.11,38224.76
1991-02-14,1001,tropicana,17940,1,2.45,43953.0
1991-02-21,1001,tropicana,18759,1,2.04,38268.36
1991-02-28,1001,tropicana,17300,1,2.42,41866.0
1991-03-07,1001,tropicana,10933,1,2.07,22631.31
1991-03-14,1001,tropicana,16942,1,2.01,34053.42
1991-03-21,1001,tropicana,9102,1,2.07,18841.14
1991-03-28,1001,tropicana,16306,1,2.67,43537.02
1991-04-04,1001,tropicana,12884,1,2.69,34657.96
1991-04-11,1001,tropicana,15206,1,2.61,39687.66
1991-04-18,1001,tropicana,14098,1,1.94,27350.12
1991-04-25,1001,tropicana,10230,1,2.38,24347.4
1991-05-02,1001,tropicana,13571,1,2.44,33113.24
1991-05-09,1001,tropicana,11891,1,2.16,25684.56
1991-05-16,1001,tropicana,14543,1,2.34,34030.619999999995
1991-05-23,1001,tropicana,15272,1,2.61,39859.92
1991-05-30,1001,tropicana,13804,1,2.57,35476.28
1991-06-06,1001,tropicana,18944,1,2.0,37888.0
1991-06-13,1001,tropicana,11946,1,2.12,25325.52
1991-06-20,1001,tropicana,9368,1,2.29,21452.72
1991-06-27,1001,tropicana,10964,1,2.33,25546.12
1991-07-04,1001,tropicana,10882,1,2.09,22743.38
1991-07-11,1001,tropicana,14470,1,2.49,36030.3
1991-07-18,1001,tropicana,18266,1,1.95,35618.7
1991-07-25,1001,tropicana,14586,1,1.94,28296.84
1991-08-01,1001,tropicana,9084,1,2.08,18894.72
1991-08-08,1001,tropicana,11926,1,2.28,27191.28
1991-08-15,1001,tropicana,13273,1,1.98,26280.54
1991-08-22,1001,tropicana,14327,1,2.06,29513.62
1991-08-29,1001,tropicana,14668,1,1.93,28309.24
1991-09-05,1001,tropicana,10845,1,2.39,25919.550000000007
1991-09-12,1001,tropicana,15482,1,2.66,41182.12
1991-09-19,1001,tropicana,14917,1,2.65,39530.05
1991-09-26,1001,tropicana,14816,1,2.14,31706.24
1991-10-03,1001,tropicana,12746,1,2.31,29443.26
1991-10-10,1001,tropicana,16096,1,2.44,39274.24
1991-10-17,1001,tropicana,17063,1,2.38,40609.94
1991-10-24,1001,tropicana,14005,1,2.67,37393.35
1991-10-31,1001,tropicana,17306,1,2.21,38246.26
1991-11-07,1001,tropicana,9612,1,2.24,21530.88
1991-11-14,1001,tropicana,19371,1,2.51,48621.21
1991-11-21,1001,tropicana,19041,1,2.12,40366.92000000001
1991-11-28,1001,tropicana,16295,1,2.11,34382.45
1991-12-05,1001,tropicana,13648,1,2.4,32755.2
1991-12-12,1001,tropicana,18931,1,2.38,45055.78
1991-12-19,1001,tropicana,10833,1,2.09,22640.97
1991-12-26,1001,tropicana,18669,1,2.47,46112.43
1992-01-02,1001,tropicana,15827,1,2.34,37035.18
1992-01-09,1001,tropicana,17509,1,2.52,44122.68
1992-01-16,1001,tropicana,9174,1,2.02,18531.48
1992-01-23,1001,tropicana,10094,1,2.04,20591.76
1992-01-30,1001,tropicana,11976,1,1.9,22754.4
1992-02-06,1001,tropicana,14643,1,2.28,33386.039999999986
1992-02-13,1001,tropicana,18903,1,2.27,42909.81
1992-02-20,1001,tropicana,12484,1,2.2,27464.800000000007
1992-02-27,1001,tropicana,10901,1,2.19,23873.19
1992-03-05,1001,tropicana,13580,1,2.17,29468.6
1992-03-12,1001,tropicana,13471,1,2.07,27884.97
1992-03-19,1001,tropicana,10477,1,2.62,27449.74
1992-03-26,1001,tropicana,14386,1,2.61,37547.46
1992-04-02,1001,tropicana,17765,1,2.43,43168.95
1992-04-09,1001,tropicana,15337,1,2.53,38802.61
1992-04-16,1001,tropicana,18946,1,2.11,39976.06
1992-04-23,1001,tropicana,16882,1,2.54,42880.28
1992-04-30,1001,tropicana,16100,1,2.67,42987.0
1992-05-07,1001,tropicana,15488,1,2.12,32834.560000000005
1992-05-14,1001,tropicana,10445,1,1.97,20576.65
1992-05-21,1001,tropicana,15843,1,2.04,32319.72
1992-05-28,1001,tropicana,9244,1,2.49,23017.56
1992-06-04,1001,tropicana,19474,1,2.23,43427.02
1992-06-11,1001,tropicana,14695,1,2.43,35708.85000000001
1992-06-18,1001,tropicana,11428,1,2.25,25713.0
1992-06-25,1001,tropicana,18593,1,2.21,41090.53
1992-07-02,1001,tropicana,13462,1,2.62,35270.44
1992-07-09,1001,tropicana,11892,1,2.02,24021.84
1992-07-16,1001,tropicana,11798,1,2.32,27371.36
1992-07-23,1001,tropicana,12931,1,2.4,31034.4
1992-07-30,1001,tropicana,14280,1,2.63,37556.4
1992-08-06,1001,tropicana,9894,1,2.0,19788.0
1992-08-13,1001,tropicana,18346,1,2.31,42379.26
1992-08-20,1001,tropicana,12417,1,2.08,25827.36
1992-08-27,1001,tropicana,9680,1,2.44,23619.2
1992-09-03,1001,tropicana,13325,1,2.58,34378.5
1992-09-10,1001,tropicana,15150,1,2.55,38632.5
1992-09-17,1001,tropicana,17268,1,2.22,38334.960000000014
1992-09-24,1001,tropicana,16940,1,2.3,38962.0
1992-10-01,1001,tropicana,13226,1,2.64,34916.64
1990-06-14,1002,dominicks,17635,1,1.96,34564.6
1990-06-21,1002,dominicks,16251,1,2.32,37702.32
1990-06-28,1002,dominicks,16366,1,2.2,36005.200000000004
1990-07-05,1002,dominicks,13610,1,1.98,26947.8
1990-07-12,1002,dominicks,16684,1,2.01,33534.84
1990-07-19,1002,dominicks,10260,1,2.41,24726.6
1990-07-26,1002,dominicks,11748,1,2.6,30544.8
1990-08-02,1002,dominicks,11482,1,2.25,25834.5
1990-08-09,1002,dominicks,16767,1,2.26,37893.42
1990-08-16,1002,dominicks,19921,1,2.66,52989.86
1990-08-23,1002,dominicks,15623,1,2.0,31246.0
1990-08-30,1002,dominicks,14730,1,2.6,38298.0
1990-09-06,1002,dominicks,13049,1,2.62,34188.380000000005
1990-09-13,1002,dominicks,17331,1,2.62,45407.22
1990-09-20,1002,dominicks,11402,1,2.05,23374.1
1990-09-27,1002,dominicks,18619,1,2.16,40217.04
1990-10-04,1002,dominicks,9071,1,2.45,22223.95
1990-10-11,1002,dominicks,13331,1,2.51,33460.81
1990-10-18,1002,dominicks,11799,1,2.01,23715.99
1990-10-25,1002,dominicks,17602,1,2.37,41716.74000000001
1990-11-01,1002,dominicks,12883,1,2.12,27311.960000000006
1990-11-08,1002,dominicks,12475,1,2.09,26072.75
1990-11-15,1002,dominicks,15121,1,1.96,29637.16
1990-11-22,1002,dominicks,16079,1,2.61,41966.19
1990-11-29,1002,dominicks,19394,1,2.61,50618.34
1990-12-06,1002,dominicks,9443,1,2.42,22852.06
1990-12-13,1002,dominicks,12501,1,1.9,23751.9
1990-12-20,1002,dominicks,14314,1,1.96,28055.44
1990-12-27,1002,dominicks,14759,1,2.35,34683.65
1991-01-03,1002,dominicks,10499,1,2.48,26037.52
1991-01-10,1002,dominicks,17423,1,2.09,36414.07
1991-01-17,1002,dominicks,14737,1,2.68,39495.16
1991-01-24,1002,dominicks,17918,1,2.15,38523.7
1991-01-31,1002,dominicks,17806,1,2.49,44336.94
1991-02-07,1002,dominicks,12281,1,2.0,24562.0
1991-02-14,1002,dominicks,17824,1,2.13,37965.12
1991-02-21,1002,dominicks,15692,1,2.2,34522.4
1991-02-28,1002,dominicks,16141,1,2.32,37447.12
1991-03-07,1002,dominicks,12471,1,2.01,25066.71
1991-03-14,1002,dominicks,19844,1,1.95,38695.8
1991-03-21,1002,dominicks,11741,1,2.32,27239.12
1991-03-28,1002,dominicks,9459,1,2.45,23174.550000000007
1991-04-04,1002,dominicks,16489,1,2.41,39738.49000000001
1991-04-11,1002,dominicks,11721,1,2.64,30943.44
1991-04-18,1002,dominicks,15932,1,2.01,32023.32
1991-04-25,1002,dominicks,9596,1,2.51,24085.96
1991-05-02,1002,dominicks,16276,1,2.52,41015.52
1991-05-09,1002,dominicks,19338,1,2.69,52019.22
1991-05-16,1002,dominicks,12440,1,2.28,28363.2
1991-05-23,1002,dominicks,16941,1,2.03,34390.23
1991-05-30,1002,dominicks,19771,1,2.03,40135.13
1991-06-06,1002,dominicks,15319,1,2.1,32169.9
1991-06-13,1002,dominicks,18898,1,2.44,46111.12
1991-06-20,1002,dominicks,15330,1,2.24,34339.200000000004
1991-06-27,1002,dominicks,19887,1,2.42,48126.54
1991-07-04,1002,dominicks,17039,1,2.45,41745.55
1991-07-11,1002,dominicks,14660,1,2.42,35477.2
1991-07-18,1002,dominicks,16451,1,2.17,35698.67
1991-07-25,1002,dominicks,11538,1,2.61,30114.18
1991-08-01,1002,dominicks,11837,1,2.52,29829.24
1991-08-08,1002,dominicks,17755,1,2.5,44387.5
1991-08-15,1002,dominicks,12961,1,2.08,26958.88
1991-08-22,1002,dominicks,16037,1,2.44,39130.28
1991-08-29,1002,dominicks,18345,1,2.34,42927.3
1991-09-05,1002,dominicks,11430,1,2.62,29946.6
1991-09-12,1002,dominicks,19877,1,2.29,45518.33
1991-09-19,1002,dominicks,15142,1,2.3,34826.6
1991-09-26,1002,dominicks,12567,1,2.33,29281.11
1991-10-03,1002,dominicks,12195,1,2.36,28780.2
1991-10-10,1002,dominicks,16821,1,2.0,33642.0
1991-10-17,1002,dominicks,11241,1,2.13,23943.33
1991-10-24,1002,dominicks,14769,1,2.45,36184.05
1991-10-31,1002,dominicks,9179,1,2.16,19826.640000000007
1991-11-07,1002,dominicks,13361,1,2.45,32734.45
1991-11-14,1002,dominicks,17157,1,2.61,44779.77
1991-11-21,1002,dominicks,17301,1,1.93,33390.93
1991-11-28,1002,dominicks,11529,1,2.26,26055.54
1991-12-05,1002,dominicks,10721,1,2.62,28089.02
1991-12-12,1002,dominicks,13359,1,2.2,29389.800000000007
1991-12-19,1002,dominicks,9067,1,2.12,19222.04
1991-12-26,1002,dominicks,12816,1,1.93,24734.88
1992-01-02,1002,dominicks,16910,1,2.2,37202.0
1992-01-09,1002,dominicks,18502,1,2.43,44959.86
1992-01-16,1002,dominicks,12575,1,1.94,24395.5
1992-01-23,1002,dominicks,13822,1,2.34,32343.48
1992-01-30,1002,dominicks,15837,1,1.99,31515.63
1992-02-06,1002,dominicks,15880,1,1.99,31601.2
1992-02-13,1002,dominicks,9891,1,2.28,22551.48
1992-02-20,1002,dominicks,10987,1,2.3,25270.1
1992-02-27,1002,dominicks,11884,1,2.03,24124.52
1992-03-05,1002,dominicks,16860,1,2.01,33888.6
1992-03-12,1002,dominicks,11823,1,2.26,26719.98
1992-03-19,1002,dominicks,11573,1,2.16,24997.68
1992-03-26,1002,dominicks,17899,1,2.11,37766.89
1992-04-02,1002,dominicks,19618,1,2.04,40020.72
1992-04-09,1002,dominicks,13859,1,2.36,32707.24
1992-04-16,1002,dominicks,14206,1,2.09,29690.54
1992-04-23,1002,dominicks,18043,1,2.22,40055.460000000014
1992-04-30,1002,dominicks,11306,1,2.29,25890.74
1992-05-07,1002,dominicks,13529,1,2.56,34634.24
1992-05-14,1002,dominicks,16333,1,2.57,41975.81
1992-05-21,1002,dominicks,13053,1,2.49,32501.97
1992-05-28,1002,dominicks,11737,1,2.13,24999.81
1992-06-04,1002,dominicks,11957,1,2.07,24750.99
1992-06-11,1002,dominicks,16608,1,2.49,41353.92000000001
1992-06-18,1002,dominicks,15073,1,2.63,39641.99
1992-06-25,1002,dominicks,10881,1,2.16,23502.960000000006
1992-07-02,1002,dominicks,9384,1,2.66,24961.44
1992-07-09,1002,dominicks,9029,1,1.92,17335.68
1992-07-16,1002,dominicks,14381,1,2.28,32788.68
1992-07-23,1002,dominicks,13214,1,2.55,33695.7
1992-07-30,1002,dominicks,12285,1,2.53,31081.05
1992-08-06,1002,dominicks,17355,1,2.52,43734.6
1992-08-13,1002,dominicks,13680,1,2.34,32011.2
1992-08-20,1002,dominicks,17433,1,2.16,37655.28000000001
1992-08-27,1002,dominicks,9567,1,2.38,22769.46
1992-09-03,1002,dominicks,13669,1,2.67,36496.23
1992-09-10,1002,dominicks,9918,1,2.41,23902.38
1992-09-17,1002,dominicks,16352,1,2.21,36137.92
1992-09-24,1002,dominicks,11015,1,2.33,25664.95
1992-10-01,1002,dominicks,10280,1,2.29,23541.2
1990-06-14,1002,minute.maid,12172,1,2.24,27265.28
1990-06-21,1002,minute.maid,18172,1,2.3,41795.6
1990-06-28,1002,minute.maid,11389,1,2.3,26194.7
1990-07-05,1002,minute.maid,10464,1,2.18,22811.52
1990-07-12,1002,minute.maid,18733,1,2.55,47769.15
1990-07-19,1002,minute.maid,13459,1,2.5,33647.5
1990-07-26,1002,minute.maid,13927,1,2.39,33285.53
1990-08-02,1002,minute.maid,18947,1,2.01,38083.47
1990-08-09,1002,minute.maid,15630,1,2.17,33917.1
1990-08-16,1002,minute.maid,11574,1,2.43,28124.820000000003
1990-08-23,1002,minute.maid,11161,1,1.95,21763.95
1990-08-30,1002,minute.maid,12654,1,2.41,30496.140000000007
1990-09-06,1002,minute.maid,9759,1,2.13,20786.67
1990-09-13,1002,minute.maid,19426,1,2.59,50313.34
1990-09-20,1002,minute.maid,17467,1,2.28,39824.76
1990-09-27,1002,minute.maid,19069,1,2.14,40807.66
1990-10-04,1002,minute.maid,11563,1,2.54,29370.02
1990-10-11,1002,minute.maid,16205,1,2.23,36137.15
1990-10-18,1002,minute.maid,12798,1,2.45,31355.1
1990-10-25,1002,minute.maid,13024,1,2.35,30606.4
1990-11-01,1002,minute.maid,14346,1,2.51,36008.46
1990-11-08,1002,minute.maid,9140,1,2.69,24586.6
1990-11-15,1002,minute.maid,15505,1,1.99,30854.95
1990-11-22,1002,minute.maid,15686,1,1.9,29803.4
1990-11-29,1002,minute.maid,15099,1,2.17,32764.83
1990-12-06,1002,minute.maid,17521,1,2.04,35742.840000000004
1990-12-13,1002,minute.maid,9209,1,2.24,20628.160000000003
1990-12-20,1002,minute.maid,19135,1,2.04,39035.4
1990-12-27,1002,minute.maid,17579,1,2.05,36036.95
1991-01-03,1002,minute.maid,14666,1,2.62,38424.92
1991-01-10,1002,minute.maid,15571,1,2.68,41730.28000000001
1991-01-17,1002,minute.maid,15360,1,2.43,37324.8
1991-01-24,1002,minute.maid,10029,1,2.46,24671.34
1991-01-31,1002,minute.maid,13542,1,2.16,29250.72
1991-02-07,1002,minute.maid,15505,1,2.68,41553.4
1991-02-14,1002,minute.maid,10555,1,2.64,27865.2
1991-02-21,1002,minute.maid,14568,1,2.31,33652.08
1991-02-28,1002,minute.maid,9801,1,1.9,18621.9
1991-03-07,1002,minute.maid,17607,1,2.15,37855.05
1991-03-14,1002,minute.maid,10089,1,2.66,26836.74
1991-03-21,1002,minute.maid,18327,1,2.06,37753.62
1991-03-28,1002,minute.maid,18984,1,1.99,37778.16
1991-04-04,1002,minute.maid,16744,1,2.53,42362.32
1991-04-11,1002,minute.maid,18368,1,2.62,48124.16
1991-04-18,1002,minute.maid,15724,1,2.46,38681.04
1991-04-25,1002,minute.maid,19047,1,2.29,43617.63
1991-05-02,1002,minute.maid,15357,1,2.57,39467.49
1991-05-09,1002,minute.maid,14066,1,2.64,37134.24000000001
1991-05-16,1002,minute.maid,9867,1,2.52,24864.84
1991-05-23,1002,minute.maid,9834,1,2.08,20454.72
1991-05-30,1002,minute.maid,11172,1,2.2,24578.4
1991-06-06,1002,minute.maid,12260,1,2.49,30527.4
1991-06-13,1002,minute.maid,10698,1,2.58,27600.84
1991-06-20,1002,minute.maid,14893,1,2.07,30828.51
1991-06-27,1002,minute.maid,15818,1,2.0,31636.0
1991-07-04,1002,minute.maid,9001,1,2.26,20342.26
1991-07-11,1002,minute.maid,9482,1,2.01,19058.82
1991-07-18,1002,minute.maid,18290,1,2.48,45359.2
1991-07-25,1002,minute.maid,16851,1,2.16,36398.16
1991-08-01,1002,minute.maid,18416,1,2.15,39594.4
1991-08-08,1002,minute.maid,13458,1,1.95,26243.1
1991-08-15,1002,minute.maid,18298,1,2.51,45927.98
1991-08-22,1002,minute.maid,18261,1,2.14,39078.54
1991-08-29,1002,minute.maid,9931,1,2.61,25919.91
1991-09-05,1002,minute.maid,18468,1,1.91,35273.88
1991-09-12,1002,minute.maid,13329,1,2.2,29323.800000000007
1991-09-19,1002,minute.maid,15136,1,2.45,37083.2
1991-09-26,1002,minute.maid,10319,1,2.63,27138.97
1991-10-03,1002,minute.maid,15311,1,2.55,39043.05
1991-10-10,1002,minute.maid,16104,1,2.46,39615.84
1991-10-17,1002,minute.maid,11439,1,2.3,26309.7
1991-10-24,1002,minute.maid,19438,1,1.9,36932.2
1991-10-31,1002,minute.maid,18534,1,2.15,39848.1
1991-11-07,1002,minute.maid,19405,1,1.96,38033.8
1991-11-14,1002,minute.maid,16080,1,1.99,31999.2
1991-11-21,1002,minute.maid,14546,1,2.45,35637.700000000004
1991-11-28,1002,minute.maid,17670,1,2.56,45235.2
1991-12-05,1002,minute.maid,9147,1,1.97,18019.59
1991-12-12,1002,minute.maid,19828,1,2.06,40845.68
1991-12-19,1002,minute.maid,10126,1,2.45,24808.7
1991-12-26,1002,minute.maid,15475,1,2.47,38223.25
1992-01-02,1002,minute.maid,19480,1,2.3,44804.0
1992-01-09,1002,minute.maid,19729,1,2.0,39458.0
1992-01-16,1002,minute.maid,10396,1,1.92,19960.32
1992-01-23,1002,minute.maid,14273,1,1.94,27689.62
1992-01-30,1002,minute.maid,17914,1,2.5,44785.0
1992-02-06,1002,minute.maid,17116,1,2.64,45186.24000000001
1992-02-13,1002,minute.maid,11531,1,2.42,27905.02
1992-02-20,1002,minute.maid,18774,1,2.37,44494.38000000001
1992-02-27,1002,minute.maid,13213,1,2.45,32371.85
1992-03-05,1002,minute.maid,10812,1,1.9,20542.8
1992-03-12,1002,minute.maid,17436,1,2.0,34872.0
1992-03-19,1002,minute.maid,11033,1,2.66,29347.78
1992-03-26,1002,minute.maid,11729,1,2.16,25334.640000000007
1992-04-02,1002,minute.maid,14174,1,2.66,37702.84
1992-04-09,1002,minute.maid,19996,1,2.23,44591.08
1992-04-16,1002,minute.maid,17669,1,2.55,45055.95
1992-04-23,1002,minute.maid,15565,1,2.47,38445.55
1992-04-30,1002,minute.maid,18579,1,2.13,39573.27
1992-05-07,1002,minute.maid,19337,1,2.21,42734.77
1992-05-14,1002,minute.maid,12807,1,2.1,26894.7
1992-05-21,1002,minute.maid,13571,1,2.58,35013.18
1992-05-28,1002,minute.maid,15677,1,2.45,38408.65
1992-06-04,1002,minute.maid,16338,1,2.15,35126.7
1992-06-11,1002,minute.maid,12229,1,1.91,23357.39
1992-06-18,1002,minute.maid,13551,1,2.6,35232.6
1992-06-25,1002,minute.maid,11855,1,2.5,29637.5
1992-07-02,1002,minute.maid,16588,1,2.54,42133.52
1992-07-09,1002,minute.maid,13051,1,2.4,31322.4
1992-07-16,1002,minute.maid,10316,1,2.44,25171.04
1992-07-23,1002,minute.maid,12985,1,2.19,28437.15
1992-07-30,1002,minute.maid,11133,1,2.6,28945.8
1992-08-06,1002,minute.maid,11646,1,2.26,26319.96
1992-08-13,1002,minute.maid,14226,1,2.29,32577.54
1992-08-20,1002,minute.maid,9893,1,2.63,26018.59
1992-08-27,1002,minute.maid,13265,1,2.09,27723.85
1992-09-03,1002,minute.maid,11078,1,2.17,24039.26
1992-09-10,1002,minute.maid,15127,1,2.01,30405.27
1992-09-17,1002,minute.maid,12937,1,2.65,34283.05
1992-09-24,1002,minute.maid,15294,1,2.35,35940.9
1992-10-01,1002,minute.maid,11716,1,2.34,27415.44
1990-06-14,1002,tropicana,12402,1,1.99,24679.98
1990-06-21,1002,tropicana,18607,1,2.49,46331.43000000001
1990-06-28,1002,tropicana,13990,1,2.64,36933.6
1990-07-05,1002,tropicana,19018,1,2.6,49446.8
1990-07-12,1002,tropicana,9714,1,1.98,19233.72
1990-07-19,1002,tropicana,13044,1,2.12,27653.28
1990-07-26,1002,tropicana,9653,1,2.22,21429.660000000003
1990-08-02,1002,tropicana,15222,1,2.1,31966.2
1990-08-09,1002,tropicana,13373,1,2.11,28217.03
1990-08-16,1002,tropicana,9184,1,2.15,19745.6
1990-08-23,1002,tropicana,17922,1,2.49,44625.78000000001
1990-08-30,1002,tropicana,17467,1,1.95,34060.65
1990-09-06,1002,tropicana,11676,1,1.96,22884.96
1990-09-13,1002,tropicana,16236,1,2.16,35069.76
1990-09-20,1002,tropicana,17790,1,2.07,36825.3
1990-09-27,1002,tropicana,18769,1,2.56,48048.64
1990-10-04,1002,tropicana,9458,1,2.07,19578.06
1990-10-11,1002,tropicana,14955,1,2.19,32751.45
1990-10-18,1002,tropicana,10539,1,2.38,25082.82
1990-10-25,1002,tropicana,11443,1,1.92,21970.56
1990-11-01,1002,tropicana,10935,1,2.05,22416.75
1990-11-08,1002,tropicana,17220,1,2.2,37884.0
1990-11-15,1002,tropicana,15878,1,1.93,30644.54
1990-11-22,1002,tropicana,19423,1,2.47,47974.81000000001
1990-11-29,1002,tropicana,13427,1,2.58,34641.66
1990-12-06,1002,tropicana,12177,1,2.22,27032.94
1990-12-13,1002,tropicana,10908,1,2.14,23343.120000000006
1990-12-20,1002,tropicana,17859,1,2.15,38396.85
1990-12-27,1002,tropicana,14477,1,2.63,38074.51
1991-01-03,1002,tropicana,19017,1,2.57,48873.69
1991-01-10,1002,tropicana,17560,1,2.67,46885.2
1991-01-17,1002,tropicana,19578,1,2.28,44637.84
1991-01-24,1002,tropicana,9715,1,2.16,20984.4
1991-01-31,1002,tropicana,18991,1,2.27,43109.57
1991-02-07,1002,tropicana,13250,1,2.42,32065.0
1991-02-14,1002,tropicana,11520,1,2.6,29952.0
1991-02-21,1002,tropicana,16200,1,2.09,33858.0
1991-02-28,1002,tropicana,19683,1,2.63,51766.29
1991-03-07,1002,tropicana,11195,1,2.21,24740.95
1991-03-14,1002,tropicana,16313,1,2.38,38824.94
1991-03-21,1002,tropicana,9924,1,2.55,25306.2
1991-03-28,1002,tropicana,11892,1,2.19,26043.48
1991-04-04,1002,tropicana,9783,1,2.59,25337.97
1991-04-11,1002,tropicana,14064,1,2.06,28971.84
1991-04-18,1002,tropicana,12070,1,2.36,28485.2
1991-04-25,1002,tropicana,12416,1,2.08,25825.28
1991-05-02,1002,tropicana,11680,1,2.03,23710.4
1991-05-09,1002,tropicana,17474,1,2.25,39316.5
1991-05-16,1002,tropicana,19523,1,2.02,39436.46
1991-05-23,1002,tropicana,14042,1,2.16,30330.72
1991-05-30,1002,tropicana,13203,1,2.6,34327.8
1991-06-06,1002,tropicana,13242,1,1.94,25689.48
1991-06-13,1002,tropicana,16927,1,2.03,34361.81
1991-06-20,1002,tropicana,16864,1,2.42,40810.88
1991-06-27,1002,tropicana,14775,1,1.94,28663.5
1991-07-04,1002,tropicana,12859,1,2.68,34462.12
1991-07-11,1002,tropicana,14743,1,2.62,38626.66
1991-07-18,1002,tropicana,13071,1,2.69,35160.99
1991-07-25,1002,tropicana,10144,1,2.11,21403.84
1991-08-01,1002,tropicana,19206,1,2.64,50703.84
1991-08-08,1002,tropicana,9028,1,2.24,20222.72
1991-08-15,1002,tropicana,17404,1,2.08,36200.32
1991-08-22,1002,tropicana,11587,1,2.16,25027.92
1991-08-29,1002,tropicana,17177,1,2.33,40022.41
1991-09-05,1002,tropicana,12311,1,2.35,28930.85
1991-09-12,1002,tropicana,14584,1,2.01,29313.84
1991-09-19,1002,tropicana,9669,1,2.64,25526.16
1991-09-26,1002,tropicana,14376,1,1.96,28176.96
1991-10-03,1002,tropicana,16838,1,2.38,40074.44
1991-10-10,1002,tropicana,17063,1,2.06,35149.78
1991-10-17,1002,tropicana,19763,1,2.55,50395.65
1991-10-24,1002,tropicana,13021,1,1.99,25911.79
1991-10-31,1002,tropicana,17755,1,2.37,42079.35
1991-11-07,1002,tropicana,16728,1,2.56,42823.68
1991-11-14,1002,tropicana,15373,1,2.0,30746.0
1991-11-21,1002,tropicana,19370,1,2.5,48425.0
1991-11-28,1002,tropicana,19319,1,2.13,41149.47
1991-12-05,1002,tropicana,16540,1,2.25,37215.0
1991-12-12,1002,tropicana,11172,1,2.18,24354.960000000006
1991-12-19,1002,tropicana,10708,1,2.06,22058.48
1991-12-26,1002,tropicana,19144,1,2.56,49008.64
1992-01-02,1002,tropicana,15771,1,2.41,38008.11
1992-01-09,1002,tropicana,9445,1,2.01,18984.45
1992-01-16,1002,tropicana,10858,1,2.43,26384.94
1992-01-23,1002,tropicana,18402,1,2.48,45636.96
1992-01-30,1002,tropicana,13300,1,2.23,29659.0
1992-02-06,1002,tropicana,18860,1,2.61,49224.6
1992-02-13,1002,tropicana,17123,1,2.24,38355.52
1992-02-20,1002,tropicana,18861,1,2.4,45266.4
1992-02-27,1002,tropicana,13794,1,2.05,28277.7
1992-03-05,1002,tropicana,19543,1,2.52,49248.36
1992-03-12,1002,tropicana,19925,1,2.62,52203.5
1992-03-19,1002,tropicana,14246,1,2.44,34760.24
1992-03-26,1002,tropicana,15999,1,2.24,35837.76
1992-04-02,1002,tropicana,14128,1,1.92,27125.76
1992-04-09,1002,tropicana,19303,1,2.1,40536.3
1992-04-16,1002,tropicana,13205,1,1.91,25221.55
1992-04-23,1002,tropicana,14153,1,2.3,32551.9
1992-04-30,1002,tropicana,13165,1,2.31,30411.15
1992-05-07,1002,tropicana,13666,1,2.38,32525.08
1992-05-14,1002,tropicana,14190,1,2.25,31927.5
1992-05-21,1002,tropicana,10026,1,2.62,26268.120000000006
1992-05-28,1002,tropicana,14819,1,1.92,28452.48
1992-06-04,1002,tropicana,18920,1,2.62,49570.4
1992-06-11,1002,tropicana,18036,1,2.5,45090.0
1992-06-18,1002,tropicana,9415,1,2.38,22407.7
1992-06-25,1002,tropicana,18008,1,2.19,39437.52
1992-07-02,1002,tropicana,15051,1,2.64,39734.64
1992-07-09,1002,tropicana,13924,1,2.31,32164.44
1992-07-16,1002,tropicana,16641,1,2.67,44431.47
1992-07-23,1002,tropicana,15168,1,2.46,37313.28
1992-07-30,1002,tropicana,13219,1,2.41,31857.79
1992-08-06,1002,tropicana,15090,1,2.06,31085.4
1992-08-13,1002,tropicana,17859,1,2.09,37325.31
1992-08-20,1002,tropicana,18162,1,1.96,35597.52
1992-08-27,1002,tropicana,17089,1,2.19,37424.91
1992-09-03,1002,tropicana,18127,1,2.23,40423.21
1992-09-10,1002,tropicana,12038,1,1.97,23714.86
1992-09-17,1002,tropicana,16580,1,2.01,33325.8
1992-09-24,1002,tropicana,9468,1,2.1,19882.8
1992-10-01,1002,tropicana,15291,1,2.46,37615.86
1990-06-14,1003,dominicks,18970,1,2.39,45338.3
1990-06-21,1003,dominicks,11152,1,2.33,25984.16
1990-06-28,1003,dominicks,10257,1,2.48,25437.36
1990-07-05,1003,dominicks,11041,1,2.1,23186.1
1990-07-12,1003,dominicks,14360,1,2.29,32884.4
1990-07-19,1003,dominicks,14017,1,2.25,31538.25
1990-07-26,1003,dominicks,9427,1,2.08,19608.16
1990-08-02,1003,dominicks,17622,1,2.46,43350.12
1990-08-09,1003,dominicks,10121,1,1.97,19938.37
1990-08-16,1003,dominicks,9379,1,2.29,21477.91
1990-08-23,1003,dominicks,18726,1,2.27,42508.02
1990-08-30,1003,dominicks,9732,1,2.58,25108.56
1990-09-06,1003,dominicks,15606,1,2.56,39951.36
1990-09-13,1003,dominicks,16489,1,1.9,31329.1
1990-09-20,1003,dominicks,15857,1,1.96,31079.72
1990-09-27,1003,dominicks,18395,1,2.3,42308.5
1990-10-04,1003,dominicks,16907,1,2.6,43958.2
1990-10-11,1003,dominicks,18053,1,2.63,47479.39
1990-10-18,1003,dominicks,11706,1,2.28,26689.68
1990-10-25,1003,dominicks,18561,1,2.05,38050.05
1990-11-01,1003,dominicks,11872,1,2.09,24812.48
1990-11-08,1003,dominicks,18008,1,2.58,46460.64
1990-11-15,1003,dominicks,10124,1,2.25,22779.0
1990-11-22,1003,dominicks,19082,1,2.27,43316.14
1990-11-29,1003,dominicks,13728,1,2.62,35967.36
1990-12-06,1003,dominicks,16356,1,2.49,40726.44
1990-12-13,1003,dominicks,12160,1,2.05,24928.0
1990-12-20,1003,dominicks,16407,1,1.93,31665.51
1990-12-27,1003,dominicks,16514,1,2.62,43266.68
1991-01-03,1003,dominicks,18890,1,2.33,44013.7
1991-01-10,1003,dominicks,18880,1,2.15,40592.0
1991-01-17,1003,dominicks,11476,1,2.45,28116.2
1991-01-24,1003,dominicks,19066,1,2.51,47855.66
1991-01-31,1003,dominicks,19847,1,2.05,40686.35
1991-02-07,1003,dominicks,11748,1,1.98,23261.04
1991-02-14,1003,dominicks,12814,1,2.23,28575.22
1991-02-21,1003,dominicks,15307,1,2.05,31379.35
1991-02-28,1003,dominicks,19655,1,2.38,46778.9
1991-03-07,1003,dominicks,17559,1,1.93,33888.869999999995
1991-03-14,1003,dominicks,15760,1,2.67,42079.2
1991-03-21,1003,dominicks,13462,1,1.93,25981.66
1991-03-28,1003,dominicks,19029,1,2.11,40151.19
1991-04-04,1003,dominicks,9975,1,2.11,21047.25
1991-04-11,1003,dominicks,9143,1,2.12,19383.16
1991-04-18,1003,dominicks,12397,1,2.08,25785.76
1991-04-25,1003,dominicks,17352,1,1.98,34356.96
1991-05-02,1003,dominicks,19762,1,2.37,46835.94
1991-05-09,1003,dominicks,17596,1,2.12,37303.52
1991-05-16,1003,dominicks,16774,1,2.16,36231.84
1991-05-23,1003,dominicks,14530,1,2.34,34000.2
1991-05-30,1003,dominicks,18171,1,1.94,35251.74
1991-06-06,1003,dominicks,14769,1,2.11,31162.59
1991-06-13,1003,dominicks,17929,1,2.55,45718.95
1991-06-20,1003,dominicks,17195,1,2.59,44535.05
1991-06-27,1003,dominicks,11609,1,2.5,29022.5
1991-07-04,1003,dominicks,19148,1,2.5,47870.0
1991-07-11,1003,dominicks,15476,1,2.56,39618.56
1991-07-18,1003,dominicks,18976,1,2.29,43455.04
1991-07-25,1003,dominicks,18810,1,2.6,48906.0
1991-08-01,1003,dominicks,14553,1,2.48,36091.44
1991-08-08,1003,dominicks,14605,1,2.03,29648.15
1991-08-15,1003,dominicks,19123,1,2.13,40731.99
1991-08-22,1003,dominicks,9953,1,1.92,19109.76
1991-08-29,1003,dominicks,18050,1,2.18,39349.0
1991-09-05,1003,dominicks,12957,1,2.35,30448.95
1991-09-12,1003,dominicks,17348,1,2.67,46319.16
1991-09-19,1003,dominicks,13141,1,2.05,26939.05
1991-09-26,1003,dominicks,15455,1,2.59,40028.45
1991-10-03,1003,dominicks,18671,1,1.94,36221.74
1991-10-10,1003,dominicks,14468,1,2.11,30527.48
1991-10-17,1003,dominicks,17259,1,2.18,37624.62
1991-10-24,1003,dominicks,9051,1,2.62,23713.620000000006
1991-10-31,1003,dominicks,9490,1,2.2,20878.0
1991-11-07,1003,dominicks,10846,1,1.94,21041.24
1991-11-14,1003,dominicks,15642,1,2.41,37697.22
1991-11-21,1003,dominicks,12783,1,1.99,25438.17
1991-11-28,1003,dominicks,14216,1,2.39,33976.240000000005
1991-12-05,1003,dominicks,9445,1,2.0,18890.0
1991-12-12,1003,dominicks,19325,1,2.15,41548.75
1991-12-19,1003,dominicks,19262,1,1.91,36790.42
1991-12-26,1003,dominicks,9684,1,2.07,20045.88
1992-01-02,1003,dominicks,14648,1,1.9,27831.2
1992-01-09,1003,dominicks,19984,1,1.95,38968.8
1992-01-16,1003,dominicks,15581,1,1.99,31006.19
1992-01-23,1003,dominicks,10039,1,1.98,19877.22
1992-01-30,1003,dominicks,18739,1,2.41,45160.99000000001
1992-02-06,1003,dominicks,18195,1,1.95,35480.25
1992-02-13,1003,dominicks,18485,1,2.36,43624.6
1992-02-20,1003,dominicks,16559,1,2.59,42887.81
1992-02-27,1003,dominicks,16297,1,2.3,37483.1
1992-03-05,1003,dominicks,14819,1,2.11,31268.09
1992-03-12,1003,dominicks,11818,1,2.52,29781.36
1992-03-19,1003,dominicks,17707,1,2.6,46038.2
1992-03-26,1003,dominicks,9808,1,2.58,25304.64
1992-04-02,1003,dominicks,19820,1,2.35,46577.0
1992-04-09,1003,dominicks,10417,1,2.42,25209.14
1992-04-16,1003,dominicks,19783,1,2.31,45698.73
1992-04-23,1003,dominicks,14987,1,2.22,33271.14
1992-04-30,1003,dominicks,14615,1,2.02,29522.3
1992-05-07,1003,dominicks,12961,1,2.68,34735.48
1992-05-14,1003,dominicks,19896,1,2.22,44169.12
1992-05-21,1003,dominicks,17804,1,2.03,36142.12
1992-05-28,1003,dominicks,19216,1,1.97,37855.52
1992-06-04,1003,dominicks,15483,1,2.03,31430.49
1992-06-11,1003,dominicks,11897,1,2.35,27957.95
1992-06-18,1003,dominicks,12503,1,2.56,32007.68
1992-06-25,1003,dominicks,11853,1,2.38,28210.14
1992-07-02,1003,dominicks,14598,1,2.04,29779.92
1992-07-09,1003,dominicks,9250,1,2.29,21182.5
1992-07-16,1003,dominicks,12953,1,2.01,26035.53
1992-07-23,1003,dominicks,19963,1,2.06,41123.78
1992-07-30,1003,dominicks,9052,1,2.1,19009.2
1992-08-06,1003,dominicks,17574,1,2.53,44462.22
1992-08-13,1003,dominicks,19858,1,1.99,39517.42
1992-08-20,1003,dominicks,17279,1,2.24,38704.960000000014
1992-08-27,1003,dominicks,15232,1,2.36,35947.52
1992-09-03,1003,dominicks,10302,1,1.94,19985.88
1992-09-10,1003,dominicks,13502,1,2.16,29164.320000000003
1992-09-17,1003,dominicks,19644,1,2.67,52449.48
1992-09-24,1003,dominicks,13860,1,2.29,31739.4
1992-10-01,1003,dominicks,11040,1,1.99,21969.6
